<?xml version="1.0" encoding="UTF-8"?>
<!DOCTYPE mapper
  PUBLIC "-//mybatis.org//DTD Mapper 3.0//EN"
  "http://mybatis.org/dtd/mybatis-3-mapper.dtd">

<mapper namespace="dao.BookInformationDAO">
	<select id="findByBookName" resultType="vo.BookInformation">
		select Identifier,BookName,Author,Press,Total,Isborrow from bookinformation where BookName=#{BookName};
	</select>
	
	<insert id="doCreate" parameterType="vo.BookInformation">
		insert into bookinformation(Identifier,BookName,Author,Press ,Total,Isborrow)
		values(#{Identifier},#{BookName},#{Author},#{press},#{Total},#{isborrow})
	</insert>
	
	<delete id="doDelete">
		delete from bookinformation where BookName=#{BookName}
	</delete>
	
	<delete id="doDelete2">
		delete from bookinformation where Identifier=#{Identifier}
	</delete>
	
	<update id="UpdateBook">
		update bookinformation set Isborrow=#{arg1} where Identifier=#{arg0}
	</update>
	
	<update id="doUpdateBookName" parameterType="vo.BookInformation">
		update bookinformation set BookName=#{arg0} where BookName=#{arg1}
	</update>	

	<update id="doUpdateAuthor" parameterType="vo.BookInformation">
		update bookinformation set Author=#{arg0} where BookName=#{arg1}
	</update>	
	
	<update id="doUpdatePress" parameterType="vo.BookInformation">
		update bookinformation set Press=#{arg0} where BookName=#{arg1}
	</update>

	<update id="doUpdateTotal" parameterType="vo.BookInformation">
		update bookinformation set Total=#{arg0} where BookName=#{arg1}
	</update>
	
	<update id="doUpdateIsreturn" parameterType="vo.BookInformation">
		update bookinformation set Isborrow=#{arg0} where BookName=#{arg1}
	</update>
</mapper>