<?xml version="1.0" encoding="UTF-8"?>
<!DOCTYPE mapper
  PUBLIC "-//mybatis.org//DTD Mapper 3.0//EN"
  "http://mybatis.org/dtd/mybatis-3-mapper.dtd">

<mapper namespace="dao.BorrowDAO">
	<insert id="doCreate" parameterType="vo.Borrow">
		insert into borrow (Identifier,BookName,Time,Reader,IsReturn,ReturnTime)
		values(#{Identifier},#{BookName},#{Time},#{Reader},#{IsReturn},#{ReturnTime})
	</insert>
	
	<update id="doUpdateIsreturn" >
		update borrow set IsReturn=#{arg0}, ReturnTime=#{arg1} where Identifier=#{arg2} 
	</update>
	
	<select id="findByTime" resultType="vo.Borrow">
		select Identifier,BookName,Time,Reader,IsReturn from borrow where Time=#{time}
	</select>
	
	<select id="findByBookName"  resultType="vo.Borrow">
		select Identifier,BookName,Time,Reader,IsReturn from borrow where BookName=#{name}
	</select>
	
	<select id="findByIsreturn" resultType="vo.Borrow">
		select Identifier,BookName,Time,Reader,IsReturn from borrow where IsReturn=#{q}
	</select>
	
	<select id="findIdentifier" resultType="vo.Borrow">
		select Identifier,BookName,Time,Reader,IsReturn from borrow where Identifier=#{Identifier}
	</select>
	
	<select id="findByPepole" resultType="vo.Borrow">
		select Identifier,BookName,Time,Reader,IsReturn from borrow where Reader=#{Reader}
	</select>
</mapper>