<?xml version="1.0" encoding="UTF-8"?>
<!DOCTYPE mapper
  PUBLIC "-//mybatis.org//DTD Mapper 3.0//EN"
  "http://mybatis.org/dtd/mybatis-3-mapper.dtd">

<mapper namespace="dao.UserDAO">
	<select id="findByUserName"  resultType="vo.User">
		select UserName,Password,Role from user where UserName=#{UserName};
	</select>

	<insert id="doCreate" parameterType="vo.User">
		insert into user(UserName,Password,Role)
		values(#{UserName},#{Password},#{Role})
	</insert>

	<update id="doUpdateName" parameterType="vo.User" >
		update user set UserName=#{arg0} where UserName=#{arg1}
	</update>

	<update id="doUpdatePassword" >
		update user set Password=#{arg0} where UserName=#{arg1}
	</update>
	
	<update id="doUpdateRole" parameterType="vo.User" >
		update user set Role=#{arg0} where UserName=#{arg1}
	</update>
	
	<delete id="doDelete">
		delete from user where UserName=#{name}
	</delete>
	
</mapper>